<?xml version="1.0" encoding="UTF-8"?>
<definitions xmlns="http://www.omg.org/spec/BPMN/20100524/MODEL" xmlns:xsi="http://www.w3.org/2001/XMLSchema-instance" xmlns:xsd="http://www.w3.org/2001/XMLSchema" xmlns:activiti="http://activiti.org/bpmn" xmlns:bpmndi="http://www.omg.org/spec/BPMN/20100524/DI" xmlns:omgdc="http://www.omg.org/spec/DD/20100524/DC" xmlns:omgdi="http://www.omg.org/spec/DD/20100524/DI" typeLanguage="http://www.w3.org/2001/XMLSchema" expressionLanguage="http://www.w3.org/1999/XPath" targetNamespace="http://www.activiti.org/processdef">
  <process id="qingjia" isExecutable="true">
    <startEvent id="sid-25F328D2-76C3-49B5-91B8-FD668B703CB9"></startEvent>
    <userTask id="sid-73132C79-EA9A-4E05-A24F-DC3A31631AD2" name="张三审批
" activiti:assignee="zhangsan"></userTask>
    <userTask id="sid-4ED3EDFF-E859-4ED3-B5A2-472BECB56EDB" name="李四审批" activiti:assignee="lisi"></userTask>
    <endEvent id="sid-753DE7F3-B2B5-4E30-8522-0B66397641D2"></endEvent>
    <sequenceFlow id="sid-A819C712-2BBC-4983-9A0E-91315E96538C" sourceRef="sid-25F328D2-76C3-49B5-91B8-FD668B703CB9" targetRef="sid-73132C79-EA9A-4E05-A24F-DC3A31631AD2"></sequenceFlow>
    <sequenceFlow id="sid-27AC2452-D39E-4DE9-A9B1-5902C48C585A" sourceRef="sid-73132C79-EA9A-4E05-A24F-DC3A31631AD2" targetRef="sid-4ED3EDFF-E859-4ED3-B5A2-472BECB56EDB"></sequenceFlow>
    <sequenceFlow id="sid-7DF45EE2-9334-4CB1-88EE-62BA0B47C1B9" sourceRef="sid-4ED3EDFF-E859-4ED3-B5A2-472BECB56EDB" targetRef="sid-753DE7F3-B2B5-4E30-8522-0B66397641D2"></sequenceFlow>
  </process>
  <bpmndi:BPMNDiagram id="BPMNDiagram_请假">
    <bpmndi:BPMNPlane bpmnElement="请假" id="BPMNPlane_请假">
      <bpmndi:BPMNShape bpmnElement="sid-25F328D2-76C3-49B5-91B8-FD668B703CB9" id="BPMNShape_sid-25F328D2-76C3-49B5-91B8-FD668B703CB9">
        <omgdc:Bounds height="30.0" width="30.0" x="119.9999964237214" y="128.99999400973337"></omgdc:Bounds>
      </bpmndi:BPMNShape>
      <bpmndi:BPMNShape bpmnElement="sid-73132C79-EA9A-4E05-A24F-DC3A31631AD2" id="BPMNShape_sid-73132C79-EA9A-4E05-A24F-DC3A31631AD2">
        <omgdc:Bounds height="79.99999999999999" width="100.0" x="299.99999105930345" y="104.99999687075622"></omgdc:Bounds>
      </bpmndi:BPMNShape>
      <bpmndi:BPMNShape bpmnElement="sid-4ED3EDFF-E859-4ED3-B5A2-472BECB56EDB" id="BPMNShape_sid-4ED3EDFF-E859-4ED3-B5A2-472BECB56EDB">
        <omgdc:Bounds height="79.99999999999996" width="100.0" x="509.9999696016323" y="104.99999530613438"></omgdc:Bounds>
      </bpmndi:BPMNShape>
      <bpmndi:BPMNShape bpmnElement="sid-753DE7F3-B2B5-4E30-8522-0B66397641D2" id="BPMNShape_sid-753DE7F3-B2B5-4E30-8522-0B66397641D2">
        <omgdc:Bounds height="28.0" width="28.0" x="830.9999750256544" y="130.99999491870418"></omgdc:Bounds>
      </bpmndi:BPMNShape>
      <bpmndi:BPMNEdge bpmnElement="sid-A819C712-2BBC-4983-9A0E-91315E96538C" id="BPMNEdge_sid-A819C712-2BBC-4983-9A0E-91315E96538C">
        <omgdi:waypoint x="149.9999964237214" y="143.99999400973337"></omgdi:waypoint>
        <omgdi:waypoint x="224.9999937415124" y="143.99999400973337"></omgdi:waypoint>
        <omgdi:waypoint x="224.9999937415124" y="144.9999968707562"></omgdi:waypoint>
        <omgdi:waypoint x="299.99999105930345" y="144.9999968707562"></omgdi:waypoint>
      </bpmndi:BPMNEdge>
      <bpmndi:BPMNEdge bpmnElement="sid-27AC2452-D39E-4DE9-A9B1-5902C48C585A" id="BPMNEdge_sid-27AC2452-D39E-4DE9-A9B1-5902C48C585A">
        <omgdi:waypoint x="399.99999105930345" y="144.99999649822718"></omgdi:waypoint>
        <omgdi:waypoint x="509.9999696016323" y="144.99999567866342"></omgdi:waypoint>
      </bpmndi:BPMNEdge>
      <bpmndi:BPMNEdge bpmnElement="sid-7DF45EE2-9334-4CB1-88EE-62BA0B47C1B9" id="BPMNEdge_sid-7DF45EE2-9334-4CB1-88EE-62BA0B47C1B9">
        <omgdi:waypoint x="609.9999696016323" y="144.99999523501566"></omgdi:waypoint>
        <omgdi:waypoint x="830.9999750256544" y="144.99999492067104"></omgdi:waypoint>
      </bpmndi:BPMNEdge>
    </bpmndi:BPMNPlane>
  </bpmndi:BPMNDiagram>
</definitions>